prod,forecast,day
Rebecca or Delphine shirt,11.0,1
Rebecca or Delphine shirt,25.0,2
Rebecca or Delphine shirt,28.0,3
Rebecca or Delphine shirt,42.0,4
Rebecca or Delphine shirt,36.0,5
Rebecca or Delphine shirt,35.0,6
Rebecca or Delphine shirt,61.0,7
Rebecca or Delphine shirt,13.0,8
Rebecca or Delphine shirt,12.0,9
Rebecca or Delphine shirt,12.0,10
Rebecca or Delphine shirt,12.0,11
Rebecca or Delphine shirt,10.0,12
Rebecca or Delphine shirt,11.0,13
Rebecca or Delphine shirt,10.0,14
Charlotte Brazilian Aza.Low 2p,43.0,1
Charlotte Brazilian Aza.Low 2p,40.0,2
Charlotte Brazilian Aza.Low 2p,41.0,3
Charlotte Brazilian Aza.Low 2p,49.0,4
Charlotte Brazilian Aza.Low 2p,44.0,5
Charlotte Brazilian Aza.Low 2p,54.0,6
Charlotte Brazilian Aza.Low 2p,57.0,7
Charlotte Brazilian Aza.Low 2p,53.0,8
Charlotte Brazilian Aza.Low 2p,62.0,9
Charlotte Brazilian Aza.Low 2p,62.0,10
Charlotte Brazilian Aza.Low 2p,61.0,11
Charlotte Brazilian Aza.Low 2p,57.0,12
Charlotte Brazilian Aza.Low 2p,54.0,13
Charlotte Brazilian Aza.Low 2p,70.0,14
Henry polo. (1),136.0,1
Henry polo. (1),166.0,2
Henry polo. (1),171.0,3
Henry polo. (1),172.0,4
Henry polo. (1),178.0,5
Henry polo. (1),215.0,6
Henry polo. (1),218.0,7
Henry polo. (1),192.0,8
Henry polo. (1),202.0,9
Henry polo. (1),174.0,10
Henry polo. (1),183.0,11
Henry polo. (1),141.0,12
Henry polo. (1),170.0,13
Henry polo. (1),184.0,14
Perrie Slim Mom Denim TRS,122.0,1
Perrie Slim Mom Denim TRS,101.0,2
Perrie Slim Mom Denim TRS,102.0,3
Perrie Slim Mom Denim TRS,72.0,4
Perrie Slim Mom Denim TRS,72.0,5
Perrie Slim Mom Denim TRS,68.0,6
Perrie Slim Mom Denim TRS,71.0,7
Perrie Slim Mom Denim TRS,68.0,8
Perrie Slim Mom Denim TRS,66.0,9
Perrie Slim Mom Denim TRS,62.0,10
Perrie Slim Mom Denim TRS,61.0,11
Perrie Slim Mom Denim TRS,64.0,12
Perrie Slim Mom Denim TRS,69.0,13
Perrie Slim Mom Denim TRS,69.0,14
Tilly (1),137.0,1
Tilly (1),135.0,2
Tilly (1),143.0,3
Tilly (1),181.0,4
Tilly (1),148.0,5
Tilly (1),181.0,6
Tilly (1),202.0,7
Tilly (1),153.0,8
Tilly (1),146.0,9
Tilly (1),136.0,10
Tilly (1),260.0,11
Tilly (1),175.0,12
Tilly (1),225.0,13
Tilly (1),177.0,14
Luna skinny RW,154.0,1
Luna skinny RW,139.0,2
Luna skinny RW,194.0,3
Luna skinny RW,151.0,4
Luna skinny RW,122.0,5
Luna skinny RW,141.0,6
Luna skinny RW,138.0,7
Luna skinny RW,155.0,8
Luna skinny RW,174.0,9
Luna skinny RW,178.0,10
Luna skinny RW,233.0,11
Luna skinny RW,245.0,12
Luna skinny RW,282.0,13
Luna skinny RW,223.0,14
Henry polo (1),48.0,1
Henry polo (1),44.0,2
Henry polo (1),55.0,3
Henry polo (1),46.0,4
Henry polo (1),169.0,5
Henry polo (1),49.0,6
Henry polo (1),94.0,7
Henry polo (1),101.0,8
Henry polo (1),61.0,9
Henry polo (1),57.0,10
Henry polo (1),70.0,11
Henry polo (1),78.0,12
Henry polo (1),68.0,13
Henry polo (1),42.0,14
Hayes,39.0,1
Hayes,25.0,2
Hayes,21.0,3
Hayes,14.0,4
Hayes,20.0,5
Hayes,19.0,6
Hayes,16.0,7
Hayes,14.0,8
Hayes,16.0,9
Hayes,19.0,10
Hayes,17.0,11
Hayes,26.0,12
Hayes,23.0,13
Hayes,16.0,14
Shaping Skinny R.W.,69.0,1
Shaping Skinny R.W.,81.0,2
Shaping Skinny R.W.,78.0,3
Shaping Skinny R.W.,109.0,4
Shaping Skinny R.W.,110.0,5
Shaping Skinny R.W.,100.0,6
Shaping Skinny R.W.,119.0,7
Shaping Skinny R.W.,106.0,8
Shaping Skinny R.W.,113.0,9
Shaping Skinny R.W.,117.0,10
Shaping Skinny R.W.,107.0,11
Shaping Skinny R.W.,97.0,12
Shaping Skinny R.W.,101.0,13
Shaping Skinny R.W.,100.0,14
Madison skinny HW (1),126.0,1
Madison skinny HW (1),150.0,2
Madison skinny HW (1),128.0,3
Madison skinny HW (1),187.0,4
Madison skinny HW (1),130.0,5
Madison skinny HW (1),334.0,6
Madison skinny HW (1),109.0,7
Madison skinny HW (1),138.0,8
Madison skinny HW (1),153.0,9
Madison skinny HW (1),149.0,10
Madison skinny HW (1),145.0,11
Madison skinny HW (1),116.0,12
Madison skinny HW (1),105.0,13
Madison skinny HW (1),95.0,14
Mariette,5.0,1
Mariette,9.0,2
Mariette,19.0,3
Mariette,15.0,4
Mariette,7.0,5
Mariette,5.0,6
Mariette,5.0,7
Mariette,5.0,8
Mariette,14.0,9
Mariette,35.0,10
Mariette,42.0,11
Mariette,52.0,12
Mariette,46.0,13
Mariette,59.0,14
Flock (1),14.0,1
Flock (1),8.0,2
Flock (1),7.0,3
Flock (1),7.0,4
Flock (1),7.0,5
Flock (1),6.0,6
Flock (1),6.0,7
Flock (1),9.0,8
Flock (1),6.0,9
Flock (1),6.0,10
Flock (1),10.0,11
Flock (1),7.0,12
Flock (1),7.0,13
Flock (1),8.0,14
Kanta slacks,12.0,1
Kanta slacks,9.0,2
Kanta slacks,9.0,3
Kanta slacks,8.0,4
Kanta slacks,7.0,5
Kanta slacks,7.0,6
Kanta slacks,8.0,7
Kanta slacks,9.0,8
Kanta slacks,7.0,9
Kanta slacks,7.0,10
Kanta slacks,7.0,11
Kanta slacks,7.0,12
Kanta slacks,8.0,13
Kanta slacks,8.0,14
Skinny R.W Chic,113.0,1
Skinny R.W Chic,87.0,2
Skinny R.W Chic,86.0,3
Skinny R.W Chic,72.0,4
Skinny R.W Chic,65.0,5
Skinny R.W Chic,61.0,6
Skinny R.W Chic,74.0,7
Skinny R.W Chic,123.0,8
Skinny R.W Chic,76.0,9
Skinny R.W Chic,101.0,10
Skinny R.W Chic,202.0,11
Skinny R.W Chic,148.0,12
Skinny R.W Chic,163.0,13
Skinny R.W Chic,182.0,14
Woody (1),11.0,1
Woody (1),9.0,2
Woody (1),12.0,3
Woody (1),10.0,4
Woody (1),9.0,5
Woody (1),11.0,6
Woody (1),11.0,7
Woody (1),10.0,8
Woody (1),11.0,9
Woody (1),9.0,10
Woody (1),12.0,11
Woody (1),11.0,12
Woody (1),10.0,13
Woody (1),8.0,14
Super Skinny L.W Epic,24.0,1
Super Skinny L.W Epic,32.0,2
Super Skinny L.W Epic,30.0,3
Super Skinny L.W Epic,36.0,4
Super Skinny L.W Epic,37.0,5
Super Skinny L.W Epic,34.0,6
Super Skinny L.W Epic,30.0,7
Super Skinny L.W Epic,36.0,8
Super Skinny L.W Epic,36.0,9
Super Skinny L.W Epic,38.0,10
Super Skinny L.W Epic,72.0,11
Super Skinny L.W Epic,118.0,12
Super Skinny L.W Epic,36.0,13
Super Skinny L.W Epic,37.0,14
Greta Thong Mynta Low 3p,12.0,1
Greta Thong Mynta Low 3p,13.0,2
Greta Thong Mynta Low 3p,12.0,3
Greta Thong Mynta Low 3p,12.0,4
Greta Thong Mynta Low 3p,12.0,5
Greta Thong Mynta Low 3p,19.0,6
Greta Thong Mynta Low 3p,19.0,7
Greta Thong Mynta Low 3p,21.0,8
Greta Thong Mynta Low 3p,16.0,9
Greta Thong Mynta Low 3p,12.0,10
Greta Thong Mynta Low 3p,10.0,11
Greta Thong Mynta Low 3p,10.0,12
Greta Thong Mynta Low 3p,10.0,13
Greta Thong Mynta Low 3p,10.0,14
LAZER RAZER brief (1),11.0,1
LAZER RAZER brief (1),13.0,2
LAZER RAZER brief (1),16.0,3
LAZER RAZER brief (1),20.0,4
LAZER RAZER brief (1),28.0,5
LAZER RAZER brief (1),32.0,6
LAZER RAZER brief (1),48.0,7
LAZER RAZER brief (1),42.0,8
LAZER RAZER brief (1),35.0,9
LAZER RAZER brief (1),28.0,10
LAZER RAZER brief (1),25.0,11
LAZER RAZER brief (1),32.0,12
LAZER RAZER brief (1),39.0,13
LAZER RAZER brief (1),48.0,14
Timeless Top,9.0,1
Timeless Top,7.0,2
Timeless Top,6.0,3
Timeless Top,5.0,4
Timeless Top,5.0,5
Timeless Top,5.0,6
Timeless Top,8.0,7
Timeless Top,7.0,8
Timeless Top,6.0,9
Timeless Top,6.0,10
Timeless Top,6.0,11
Timeless Top,6.0,12
Timeless Top,6.0,13
Timeless Top,6.0,14
Shaping Skinny H.W,77.0,1
Shaping Skinny H.W,105.0,2
Shaping Skinny H.W,95.0,3
Shaping Skinny H.W,93.0,4
Shaping Skinny H.W,97.0,5
Shaping Skinny H.W,72.0,6
Shaping Skinny H.W,71.0,7
Shaping Skinny H.W,69.0,8
Shaping Skinny H.W,79.0,9
Shaping Skinny H.W,86.0,10
Shaping Skinny H.W,88.0,11
Shaping Skinny H.W,80.0,12
Shaping Skinny H.W,78.0,13
Shaping Skinny H.W,77.0,14
Skinny Shaping R.W,11.0,1
Skinny Shaping R.W,12.0,2
Skinny Shaping R.W,9.0,3
Skinny Shaping R.W,12.0,4
Skinny Shaping R.W,12.0,5
Skinny Shaping R.W,14.0,6
Skinny Shaping R.W,10.0,7
Skinny Shaping R.W,10.0,8
Skinny Shaping R.W,11.0,9
Skinny Shaping R.W,12.0,10
Skinny Shaping R.W,11.0,11
Skinny Shaping R.W,10.0,12
Skinny Shaping R.W,10.0,13
Skinny Shaping R.W,9.0,14
Calista cardigan.,57.0,1
Calista cardigan.,62.0,2
Calista cardigan.,53.0,3
Calista cardigan.,50.0,4
Calista cardigan.,49.0,5
Calista cardigan.,47.0,6
Calista cardigan.,48.0,7
Calista cardigan.,46.0,8
Calista cardigan.,49.0,9
Calista cardigan.,51.0,10
Calista cardigan.,48.0,11
Calista cardigan.,52.0,12
Calista cardigan.,47.0,13
Calista cardigan.,54.0,14
Baraboom (1),64.0,1
Baraboom (1),69.0,2
Baraboom (1),63.0,3
Baraboom (1),53.0,4
Baraboom (1),55.0,5
Baraboom (1),68.0,6
Baraboom (1),65.0,7
Baraboom (1),66.0,8
Baraboom (1),72.0,9
Baraboom (1),63.0,10
Baraboom (1),64.0,11
Baraboom (1),60.0,12
Baraboom (1),61.0,13
Baraboom (1),65.0,14
Jade Denim Trash TRS,26.0,1
Jade Denim Trash TRS,38.0,2
Jade Denim Trash TRS,27.0,3
Jade Denim Trash TRS,28.0,4
Jade Denim Trash TRS,29.0,5
Jade Denim Trash TRS,28.0,6
Jade Denim Trash TRS,23.0,7
Jade Denim Trash TRS,31.0,8
Jade Denim Trash TRS,33.0,9
Jade Denim Trash TRS,32.0,10
Jade Denim Trash TRS,35.0,11
Jade Denim Trash TRS,35.0,12
Jade Denim Trash TRS,30.0,13
Jade Denim Trash TRS,23.0,14
Julia RW Skinny Denim TRS,32.0,1
Julia RW Skinny Denim TRS,36.0,2
Julia RW Skinny Denim TRS,39.0,3
Julia RW Skinny Denim TRS,60.0,4
Julia RW Skinny Denim TRS,56.0,5
Julia RW Skinny Denim TRS,55.0,6
Julia RW Skinny Denim TRS,50.0,7
Julia RW Skinny Denim TRS,46.0,8
Julia RW Skinny Denim TRS,45.0,9
Julia RW Skinny Denim TRS,41.0,10
Julia RW Skinny Denim TRS,45.0,11
Julia RW Skinny Denim TRS,41.0,12
Julia RW Skinny Denim TRS,40.0,13
Julia RW Skinny Denim TRS,26.0,14
Julia RW Denim TRS,52.0,1
Julia RW Denim TRS,56.0,2
Julia RW Denim TRS,53.0,3
Julia RW Denim TRS,48.0,4
Julia RW Denim TRS,43.0,5
Julia RW Denim TRS,48.0,6
Julia RW Denim TRS,53.0,7
Julia RW Denim TRS,51.0,8
Julia RW Denim TRS,56.0,9
Julia RW Denim TRS,53.0,10
Julia RW Denim TRS,45.0,11
Julia RW Denim TRS,48.0,12
Julia RW Denim TRS,44.0,13
Julia RW Denim TRS,45.0,14
Luna skinny 5 pkt,142.0,1
Luna skinny 5 pkt,158.0,2
Luna skinny 5 pkt,165.0,3
Luna skinny 5 pkt,176.0,4
Luna skinny 5 pkt,180.0,5
Luna skinny 5 pkt,164.0,6
Luna skinny 5 pkt,135.0,7
Luna skinny 5 pkt,139.0,8
Luna skinny 5 pkt,135.0,9
Luna skinny 5 pkt,132.0,10
Luna skinny 5 pkt,134.0,11
Luna skinny 5 pkt,138.0,12
Luna skinny 5 pkt,139.0,13
Luna skinny 5 pkt,147.0,14
Brit Baby Tee,75.0,1
Brit Baby Tee,62.0,2
Brit Baby Tee,218.0,3
Brit Baby Tee,101.0,4
Brit Baby Tee,38.0,5
Brit Baby Tee,46.0,6
Brit Baby Tee,60.0,7
Brit Baby Tee,66.0,8
Brit Baby Tee,69.0,9
Brit Baby Tee,74.0,10
Brit Baby Tee,78.0,11
Brit Baby Tee,51.0,12
Brit Baby Tee,51.0,13
Brit Baby Tee,62.0,14
Push Up Jegging L.W,3.0,1
Push Up Jegging L.W,3.0,2
Push Up Jegging L.W,3.0,3
Push Up Jegging L.W,3.0,4
Push Up Jegging L.W,3.0,5
Push Up Jegging L.W,3.0,6
Push Up Jegging L.W,3.0,7
Push Up Jegging L.W,3.0,8
Push Up Jegging L.W,3.0,9
Push Up Jegging L.W,3.0,10
Push Up Jegging L.W,3.0,11
Push Up Jegging L.W,3.0,12
Push Up Jegging L.W,3.0,13
Push Up Jegging L.W,3.0,14
Perrie Trash HW Denim TRS,13.0,1
Perrie Trash HW Denim TRS,74.0,2
Perrie Trash HW Denim TRS,83.0,3
Perrie Trash HW Denim TRS,118.0,4
Perrie Trash HW Denim TRS,132.0,5
Perrie Trash HW Denim TRS,129.0,6
Perrie Trash HW Denim TRS,184.0,7
Perrie Trash HW Denim TRS,349.0,8
Perrie Trash HW Denim TRS,359.0,9
Perrie Trash HW Denim TRS,373.0,10
Perrie Trash HW Denim TRS,424.0,11
Perrie Trash HW Denim TRS,230.0,12
Perrie Trash HW Denim TRS,234.0,13
Perrie Trash HW Denim TRS,256.0,14
Charlotte Brazilian Low 2p,26.0,1
Charlotte Brazilian Low 2p,30.0,2
Charlotte Brazilian Low 2p,48.0,3
Charlotte Brazilian Low 2p,51.0,4
Charlotte Brazilian Low 2p,57.0,5
Charlotte Brazilian Low 2p,34.0,6
Charlotte Brazilian Low 2p,23.0,7
Charlotte Brazilian Low 2p,36.0,8
Charlotte Brazilian Low 2p,48.0,9
Charlotte Brazilian Low 2p,64.0,10
Charlotte Brazilian Low 2p,72.0,11
Charlotte Brazilian Low 2p,33.0,12
Charlotte Brazilian Low 2p,29.0,13
Charlotte Brazilian Low 2p,36.0,14
Rachel Basic L/S,110.0,1
Rachel Basic L/S,151.0,2
Rachel Basic L/S,161.0,3
Rachel Basic L/S,280.0,4
Rachel Basic L/S,200.0,5
Rachel Basic L/S,236.0,6
Rachel Basic L/S,201.0,7
Rachel Basic L/S,207.0,8
Rachel Basic L/S,152.0,9
Rachel Basic L/S,134.0,10
Rachel Basic L/S,132.0,11
Rachel Basic L/S,118.0,12
Rachel Basic L/S,118.0,13
Rachel Basic L/S,123.0,14
Charlie Top,4.0,1
Charlie Top,5.0,2
Charlie Top,6.0,3
Charlie Top,6.0,4
Charlie Top,6.0,5
Charlie Top,6.0,6
Charlie Top,6.0,7
Charlie Top,7.0,8
Charlie Top,8.0,9
Charlie Top,11.0,10
Charlie Top,10.0,11
Charlie Top,9.0,12
Charlie Top,11.0,13
Charlie Top,9.0,14
Hayes slim,24.0,1
Hayes slim,25.0,2
Hayes slim,25.0,3
Hayes slim,25.0,4
Hayes slim,18.0,5
Hayes slim,25.0,6
Hayes slim,25.0,7
Hayes slim,25.0,8
Hayes slim,29.0,9
Hayes slim,26.0,10
Hayes slim,24.0,11
Hayes slim,21.0,12
Hayes slim,23.0,13
Hayes slim,24.0,14
Tilly,90.0,1
Tilly,82.0,2
Tilly,95.0,3
Tilly,120.0,4
Tilly,99.0,5
Tilly,101.0,6
Tilly,102.0,7
Tilly,102.0,8
Tilly,82.0,9
Tilly,87.0,10
Tilly,113.0,11
Tilly,94.0,12
Tilly,102.0,13
Tilly,93.0,14
Olga Tank TVP,54.0,1
Olga Tank TVP,55.0,2
Olga Tank TVP,76.0,3
Olga Tank TVP,69.0,4
Olga Tank TVP,50.0,5
Olga Tank TVP,52.0,6
Olga Tank TVP,51.0,7
Olga Tank TVP,58.0,8
Olga Tank TVP,49.0,9
Olga Tank TVP,48.0,10
Olga Tank TVP,66.0,11
Olga Tank TVP,51.0,12
Olga Tank TVP,56.0,13
Olga Tank TVP,56.0,14
Jeggings H.W,22.0,1
Jeggings H.W,20.0,2
Jeggings H.W,32.0,3
Jeggings H.W,23.0,4
Jeggings H.W,20.0,5
Jeggings H.W,28.0,6
Jeggings H.W,18.0,7
Jeggings H.W,21.0,8
Jeggings H.W,14.0,9
Jeggings H.W,17.0,10
Jeggings H.W,16.0,11
Jeggings H.W,14.0,12
Jeggings H.W,13.0,13
Jeggings H.W,15.0,14
Rachel LS TVP,17.0,1
Rachel LS TVP,16.0,2
Rachel LS TVP,18.0,3
Rachel LS TVP,25.0,4
Rachel LS TVP,18.0,5
Rachel LS TVP,19.0,6
Rachel LS TVP,19.0,7
Rachel LS TVP,21.0,8
Rachel LS TVP,18.0,9
Rachel LS TVP,19.0,10
Rachel LS TVP,20.0,11
Rachel LS TVP,20.0,12
Rachel LS TVP,17.0,13
Rachel LS TVP,18.0,14
Mariette Blazer,40.0,1
Mariette Blazer,44.0,2
Mariette Blazer,39.0,3
Mariette Blazer,72.0,4
Mariette Blazer,40.0,5
Mariette Blazer,41.0,6
Mariette Blazer,45.0,7
Mariette Blazer,40.0,8
Mariette Blazer,48.0,9
Mariette Blazer,48.0,10
Mariette Blazer,62.0,11
Mariette Blazer,53.0,12
Mariette Blazer,64.0,13
Mariette Blazer,49.0,14
Ringo hipbelt,60.0,1
Ringo hipbelt,62.0,2
Ringo hipbelt,58.0,3
Ringo hipbelt,64.0,4
Ringo hipbelt,51.0,5
Ringo hipbelt,56.0,6
Ringo hipbelt,49.0,7
Ringo hipbelt,57.0,8
Ringo hipbelt,55.0,9
Ringo hipbelt,70.0,10
Ringo hipbelt,70.0,11
Ringo hipbelt,49.0,12
Ringo hipbelt,44.0,13
Ringo hipbelt,49.0,14
Flock,121.0,1
Flock,286.0,2
Flock,366.0,3
Flock,74.0,4
Flock,299.0,5
Flock,153.0,6
Flock,100.0,7
Flock,90.0,8
Flock,238.0,9
Flock,112.0,10
Flock,188.0,11
Flock,78.0,12
Flock,78.0,13
Flock,78.0,14
Queen Sweater,30.0,1
Queen Sweater,41.0,2
Queen Sweater,38.0,3
Queen Sweater,39.0,4
Queen Sweater,27.0,5
Queen Sweater,29.0,6
Queen Sweater,34.0,7
Queen Sweater,40.0,8
Queen Sweater,38.0,9
Queen Sweater,42.0,10
Queen Sweater,40.0,11
Queen Sweater,43.0,12
Queen Sweater,43.0,13
Queen Sweater,44.0,14
Woody(1),27.0,1
Woody(1),24.0,2
Woody(1),20.0,3
Woody(1),21.0,4
Woody(1),40.0,5
Woody(1),35.0,6
Woody(1),35.0,7
Woody(1),37.0,8
Woody(1),34.0,9
Woody(1),42.0,10
Woody(1),127.0,11
Woody(1),37.0,12
Woody(1),38.0,13
Woody(1),39.0,14
Tiblisi paperwaist tapered,62.0,1
Tiblisi paperwaist tapered,36.0,2
Tiblisi paperwaist tapered,41.0,3
Tiblisi paperwaist tapered,54.0,4
Tiblisi paperwaist tapered,67.0,5
Tiblisi paperwaist tapered,61.0,6
Tiblisi paperwaist tapered,47.0,7
Tiblisi paperwaist tapered,47.0,8
Tiblisi paperwaist tapered,43.0,9
Tiblisi paperwaist tapered,43.0,10
Tiblisi paperwaist tapered,56.0,11
Tiblisi paperwaist tapered,31.0,12
Tiblisi paperwaist tapered,32.0,13
Tiblisi paperwaist tapered,27.0,14
Agnes LS R-neck,6.0,1
Agnes LS R-neck,5.0,2
Agnes LS R-neck,5.0,3
Agnes LS R-neck,5.0,4
Agnes LS R-neck,5.0,5
Agnes LS R-neck,11.0,6
Agnes LS R-neck,5.0,7
Agnes LS R-neck,5.0,8
Agnes LS R-neck,6.0,9
Agnes LS R-neck,6.0,10
Agnes LS R-neck,5.0,11
Agnes LS R-neck,6.0,12
Agnes LS R-neck,5.0,13
Agnes LS R-neck,5.0,14
Baraboom,83.0,1
Baraboom,91.0,2
Baraboom,87.0,3
Baraboom,83.0,4
Baraboom,64.0,5
Baraboom,64.0,6
Baraboom,72.0,7
Baraboom,88.0,8
Baraboom,89.0,9
Baraboom,90.0,10
Baraboom,102.0,11
Baraboom,79.0,12
Baraboom,80.0,13
Baraboom,80.0,14
Madison skinny HW,17.0,1
Madison skinny HW,19.0,2
Madison skinny HW,16.0,3
Madison skinny HW,18.0,4
Madison skinny HW,15.0,5
Madison skinny HW,18.0,6
Madison skinny HW,14.0,7
Madison skinny HW,14.0,8
Madison skinny HW,16.0,9
Madison skinny HW,14.0,10
Madison skinny HW,17.0,11
Madison skinny HW,16.0,12
Madison skinny HW,17.0,13
Madison skinny HW,13.0,14
Kanta slacks RW,10.0,1
Kanta slacks RW,11.0,2
Kanta slacks RW,14.0,3
Kanta slacks RW,15.0,4
Kanta slacks RW,12.0,5
Kanta slacks RW,12.0,6
Kanta slacks RW,13.0,7
Kanta slacks RW,13.0,8
Kanta slacks RW,13.0,9
Kanta slacks RW,13.0,10
Kanta slacks RW,13.0,11
Kanta slacks RW,13.0,12
Kanta slacks RW,13.0,13
Kanta slacks RW,13.0,14
7p Basic Shaftless,51.0,1
7p Basic Shaftless,56.0,2
7p Basic Shaftless,43.0,3
7p Basic Shaftless,44.0,4
7p Basic Shaftless,46.0,5
7p Basic Shaftless,44.0,6
7p Basic Shaftless,47.0,7
7p Basic Shaftless,52.0,8
7p Basic Shaftless,96.0,9
7p Basic Shaftless,100.0,10
7p Basic Shaftless,106.0,11
7p Basic Shaftless,97.0,12
7p Basic Shaftless,89.0,13
7p Basic Shaftless,84.0,14
3p Sneaker Socks,33.0,1
3p Sneaker Socks,27.0,2
3p Sneaker Socks,32.0,3
3p Sneaker Socks,33.0,4
3p Sneaker Socks,34.0,5
3p Sneaker Socks,69.0,6
3p Sneaker Socks,36.0,7
3p Sneaker Socks,69.0,8
3p Sneaker Socks,28.0,9
3p Sneaker Socks,26.0,10
3p Sneaker Socks,35.0,11
3p Sneaker Socks,27.0,12
3p Sneaker Socks,27.0,13
3p Sneaker Socks,28.0,14
Heavy jsy long leg,6.0,1
Heavy jsy long leg,7.0,2
Heavy jsy long leg,8.0,3
Heavy jsy long leg,7.0,4
Heavy jsy long leg,6.0,5
Heavy jsy long leg,6.0,6
Heavy jsy long leg,6.0,7
Heavy jsy long leg,6.0,8
Heavy jsy long leg,6.0,9
Heavy jsy long leg,6.0,10
Heavy jsy long leg,6.0,11
Heavy jsy long leg,6.0,12
Heavy jsy long leg,6.0,13
Heavy jsy long leg,6.0,14
Shaping Skinny R.W,7.0,1
Shaping Skinny R.W,7.0,2
Shaping Skinny R.W,6.0,3
Shaping Skinny R.W,6.0,4
Shaping Skinny R.W,7.0,5
Shaping Skinny R.W,7.0,6
Shaping Skinny R.W,6.0,7
Shaping Skinny R.W,7.0,8
Shaping Skinny R.W,7.0,9
Shaping Skinny R.W,6.0,10
Shaping Skinny R.W,7.0,11
Shaping Skinny R.W,6.0,12
Shaping Skinny R.W,6.0,13
Shaping Skinny R.W,6.0,14
S.Skinny L.W Epic,9.0,1
S.Skinny L.W Epic,9.0,2
S.Skinny L.W Epic,8.0,3
S.Skinny L.W Epic,8.0,4
S.Skinny L.W Epic,7.0,5
S.Skinny L.W Epic,7.0,6
S.Skinny L.W Epic,6.0,7
S.Skinny L.W Epic,6.0,8
S.Skinny L.W Epic,6.0,9
S.Skinny L.W Epic,6.0,10
S.Skinny L.W Epic,6.0,11
S.Skinny L.W Epic,6.0,12
S.Skinny L.W Epic,6.0,13
S.Skinny L.W Epic,6.0,14
Jade Denim Fancy Trash TRS,21.0,1
Jade Denim Fancy Trash TRS,30.0,2
Jade Denim Fancy Trash TRS,42.0,3
Jade Denim Fancy Trash TRS,68.0,4
Jade Denim Fancy Trash TRS,70.0,5
Jade Denim Fancy Trash TRS,68.0,6
Jade Denim Fancy Trash TRS,74.0,7
Jade Denim Fancy Trash TRS,80.0,8
Jade Denim Fancy Trash TRS,109.0,9
Jade Denim Fancy Trash TRS,87.0,10
Jade Denim Fancy Trash TRS,104.0,11
Jade Denim Fancy Trash TRS,80.0,12
Jade Denim Fancy Trash TRS,74.0,13
Jade Denim Fancy Trash TRS,64.0,14
Julia Denim TRS,11.0,1
Julia Denim TRS,9.0,2
Julia Denim TRS,9.0,3
Julia Denim TRS,11.0,4
Julia Denim TRS,10.0,5
Julia Denim TRS,10.0,6
Julia Denim TRS,9.0,7
Julia Denim TRS,9.0,8
Julia Denim TRS,14.0,9
Julia Denim TRS,9.0,10
Julia Denim TRS,10.0,11
Julia Denim TRS,11.0,12
Julia Denim TRS,11.0,13
Julia Denim TRS,12.0,14
Scallop 5p Socks,57.0,1
Scallop 5p Socks,54.0,2
Scallop 5p Socks,60.0,3
Scallop 5p Socks,56.0,4
Scallop 5p Socks,50.0,5
Scallop 5p Socks,49.0,6
Scallop 5p Socks,47.0,7
Scallop 5p Socks,50.0,8
Scallop 5p Socks,67.0,9
Scallop 5p Socks,71.0,10
Scallop 5p Socks,66.0,11
Scallop 5p Socks,67.0,12
Scallop 5p Socks,69.0,13
Scallop 5p Socks,69.0,14
Curvy Jeggings HW Ankle,67.0,1
Curvy Jeggings HW Ankle,80.0,2
Curvy Jeggings HW Ankle,78.0,3
Curvy Jeggings HW Ankle,82.0,4
Curvy Jeggings HW Ankle,46.0,5
Curvy Jeggings HW Ankle,40.0,6
Curvy Jeggings HW Ankle,53.0,7
Curvy Jeggings HW Ankle,68.0,8
Curvy Jeggings HW Ankle,62.0,9
Curvy Jeggings HW Ankle,73.0,10
Curvy Jeggings HW Ankle,76.0,11
Curvy Jeggings HW Ankle,43.0,12
Curvy Jeggings HW Ankle,48.0,13
Curvy Jeggings HW Ankle,54.0,14
